{
  "WEYMTH_UPWEY": {
    "RIDGE": 0.43671068293537507,
    "GB": 0.563289317064625
  },
  "UPWEY_DRCHS": {
    "RF": 0.5078031954158945,
    "MLP": 0.49219680458410553
  },
  "DRCHS_WOOL": {
    "LR": 0.24399221560183296,
    "KR": 0.2575584368721607,
    "BR": 0.2824656520342028,
    "LASSO": 0.2159836954918035
  },
  "WOOL_WARHAM": {
    "RF": 0.20668513670782634,
    "MLP": 0.44202454858210816,
    "GB": 0.3512903147100655
  },
  "WARHAM_HMWTHY": {
    "MLP": 0.2721555374835766,
    "LASSO": 0.30536225010651713,
    "RIDGE": 0.4224822124099062
  },
  "HMWTHY_POOLE": {
    "MLP": 0.4712823553780308,
    "GB": 0.5287176446219691
  },
  "POOLE_PSTONE": {
    "LR": 0.23411796105253993,
    "KR": 0.17124045105815278,
    "BR": 0.17344999451757498,
    "RIDGE": 0.23043594464090453,
    "GB": 0.19075564873082776
  },
  "PSTONE_BRANKSM": {
    "RF": 0.2824388673057479,
    "MLP": 0.30756492906382366,
    "GB": 0.40999620363042844
  },
  "BRANKSM_BOMO": {
    "MLP": 0.49666922663021507,
    "GB": 0.503330773369785
  },
  "BOMO_POKSDWN": {
    "GB": 1.0
  },
  "POKSDWN_CHRISTC": {
    "LR": 0.16258795659117709,
    "KR": 0.15464719621603845,
    "BR": 0.20066979546191693,
    "LASSO": 0.15467887909053904,
    "RIDGE": 0.172426731274038,
    "AB": 0.15498944136629045
  },
  "CHRISTC_NMILTON": {
    "RIDGE": 0.3682368769939952,
    "GB": 0.6317631230060048
  },
  "NMILTON_BKNHRST": {
    "MLP": 0.4797070847828754,
    "KR": 0.2683980581865894,
    "RIDGE": 0.25189485703053516
  },
  "BKNHRST_SOTON": {
    "GB": 1.0
  },
  "SOTON_SOTPKWY": {
    "RF": 0.5,
    "GB": 0.5
  },
  "SOTPKWY_WNCHSTR": {
    "RF": 1.0
  },
  "WNCHSTR_BSNGSTK": {
    "LR": 0.21673223905584016,
    "MLP": 0.24192886885450873,
    "GB": 0.541338892089651
  },
  "BSNGSTK_CLPHMJM": {
    "RF": 0.30117722245272,
    "MLP": 0.26356276794135747,
    "GB": 0.43526000960592254
  },
  "CLPHMJM_WATRLMN": {
    "MLP": 0.5636349977794951,
    "GB": 0.43636500222050484
  }
}